p,q,cos,kappa,auc_p_given_q,cos_shape,kappa_shape,auc_shape
chb01,chb02,0.93015,0.02154,1.00000,0.07222,0.29383,0.59057
chb01,chb03,0.91554,0.01346,1.00000,-0.43206,0.25305,0.06604
chb01,chb04,0.95071,0.03025,1.00000,0.62452,0.25519,0.98113
chb01,chb05,0.94368,0.01542,1.00000,0.20379,0.23290,0.67170
chb01,chb06,-0.04447,0.08718,0.30000,-0.17037,0.28917,0.29245
chb01,chb07,0.95342,0.02505,1.00000,0.62305,0.21894,0.95472
chb01,chb08,0.86349,0.01951,1.00000,-0.42590,0.20394,0.10000
chb01,chb09,0.94690,0.00932,1.00000,0.05561,0.22761,0.58868
chb01,chb10,0.82926,0.04497,1.00000,0.38981,0.24584,0.95660
chb01,chb11,0.89734,0.02334,1.00000,0.03822,0.22141,0.55849
chb01,chb13,0.21194,0.09652,0.99811,0.04211,0.32737,0.59057
chb01,chb14,-0.88108,0.04531,0.00000,-0.56142,0.26478,0.02453
chb01,chb15,-0.68839,0.04573,0.00000,0.45108,0.25643,0.96792
chb01,chb16,0.93325,0.02696,1.00000,0.49812,0.22213,0.91509
chb01,chb17,0.92137,0.02759,1.00000,0.44544,0.21728,0.98679
chb01,chb18,0.87872,0.04259,1.00000,0.71858,0.22539,0.96038
chb01,chb19,0.94659,0.02239,1.00000,0.39961,0.25176,0.82264
chb01,chb20,0.86927,0.04934,1.00000,0.45589,0.29471,0.98491
chb01,chb21,-0.32048,0.08482,0.00000,-0.07039,0.29642,0.36604
chb01,chb22,0.90224,0.02659,1.00000,0.19409,0.22860,0.70943
chb01,chb23,0.92611,0.01884,1.00000,0.35664,0.16981,0.83208
chb02,chb01,0.93015,0.02154,1.00000,0.07222,0.29383,0.58571
chb02,chb03,0.93756,0.00901,1.00000,-0.40186,0.21014,0.17143
chb02,chb04,0.93844,0.02375,1.00000,0.48706,0.24845,0.85714
chb02,chb05,0.95849,0.01225,1.00000,0.22793,0.22949,0.74286
chb02,chb06,-0.06632,0.05256,0.25714,-0.30166,0.21620,0.24286
chb02,chb07,0.91098,0.01937,1.00000,0.14695,0.20994,0.65714
chb02,chb08,0.92247,0.01740,1.00000,0.03339,0.22559,0.50000
chb02,chb09,0.96550,0.00850,1.00000,0.13603,0.25743,0.70000
chb02,chb10,0.71757,0.02772,1.00000,-0.36288,0.18795,0.19048
chb02,chb11,0.88510,0.01888,1.00000,-0.27886,0.22220,0.25714
chb02,chb13,0.34987,0.07905,0.99524,0.61789,0.33251,0.91429
chb02,chb14,-0.82393,0.03119,0.00000,-0.18348,0.22606,0.28571
chb02,chb15,-0.76285,0.05278,0.00000,0.13426,0.36707,0.69048
chb02,chb16,0.90236,0.02451,1.00000,0.14743,0.25041,0.66667
chb02,chb17,0.85755,0.02907,1.00000,-0.21745,0.28393,0.30476
chb02,chb18,0.79687,0.03547,1.00000,0.26950,0.23274,0.72857
chb02,chb19,0.95400,0.01673,1.00000,0.37859,0.23328,0.78571
chb02,chb20,0.79332,0.04693,1.00000,-0.09907,0.34763,0.34762
chb02,chb21,-0.25674,0.08310,0.02857,0.21151,0.36013,0.74286
chb02,chb22,0.89768,0.02514,1.00000,0.02950,0.26809,0.53810
chb02,chb23,0.90002,0.01883,1.00000,-0.02105,0.21048,0.49048
chb03,chb01,0.91554,0.01346,1.00000,-0.43206,0.25305,0.13191
chb03,chb02,0.93756,0.00901,1.00000,-0.40186,0.21014,0.16596
chb03,chb04,0.87181,0.01979,1.00000,-0.47946,0.28538,0.18723
chb03,chb05,0.94150,0.01168,1.00000,-0.48528,0.30167,0.29362
chb03,chb06,0.12258,0.05353,0.90638,0.65462,0.30352,0.89574
chb03,chb07,0.88201,0.01522,1.00000,-0.42832,0.22731,0.19787
chb03,chb08,0.94966,0.01398,1.00000,0.28913,0.24991,0.75106
chb03,chb09,0.97635,0.00818,1.00000,0.04817,0.34147,0.46170
chb03,chb10,0.79798,0.02649,1.00000,0.14486,0.24759,0.59149
chb03,chb11,0.94834,0.01432,1.00000,0.42349,0.23221,0.77234
chb03,chb13,0.14341,0.05731,0.97872,-0.36277,0.33229,0.20638
chb03,chb14,-0.75438,0.02451,0.00000,0.55974,0.24481,0.87021
chb03,chb15,-0.81464,0.02769,0.00000,-0.20067,0.26548,0.36170
chb03,chb16,0.85939,0.01651,1.00000,-0.58656,0.23246,0.13617
chb03,chb17,0.90095,0.02068,1.00000,0.10971,0.27848,0.59362
chb03,chb18,0.71141,0.02323,1.00000,-0.50248,0.21010,0.18085
chb03,chb19,0.91890,0.01430,1.00000,-0.41599,0.27486,0.21702
chb03,chb20,0.80921,0.02848,1.00000,-0.09594,0.29080,0.34468
chb03,chb21,-0.31729,0.04552,0.00000,-0.04318,0.27194,0.42553
chb03,chb22,0.90157,0.02447,1.00000,-0.09643,0.35969,0.42128
chb03,chb23,0.91259,0.02299,1.00000,-0.04048,0.35415,0.52979
chb04,chb01,0.95071,0.03025,0.87778,0.62452,0.25519,0.91556
chb04,chb02,0.93844,0.02375,0.86889,0.48706,0.24845,0.91778
chb04,chb03,0.87181,0.01979,0.83333,-0.47946,0.28538,0.14889
chb04,chb05,0.93047,0.02399,0.86667,0.38738,0.27790,0.78222
chb04,chb06,-0.14458,0.11023,0.23111,-0.38467,0.28038,0.21556
chb04,chb07,0.92270,0.03056,0.87111,0.48266,0.20483,0.87778
chb04,chb08,0.84404,0.03035,0.84222,-0.22402,0.24336,0.25556
chb04,chb09,0.92069,0.01311,0.85556,0.18240,0.24551,0.68222
chb04,chb10,0.74455,0.05435,0.82667,0.05711,0.22785,0.64667
chb04,chb11,0.82186,0.03128,0.83556,-0.28817,0.22763,0.22667
chb04,chb13,0.28121,0.11585,0.94667,0.23100,0.30133,0.77778
chb04,chb14,-0.87236,0.05278,0.10667,-0.51687,0.23652,0.06667
chb04,chb15,-0.64262,0.05171,0.21778,0.42484,0.22239,0.81111
chb04,chb16,0.90393,0.04501,0.87333,0.39331,0.28438,0.80667
chb04,chb17,0.84879,0.04622,0.84889,0.08945,0.27920,0.62889
chb04,chb18,0.89186,0.04039,0.93333,0.71189,0.16389,0.93778
chb04,chb19,0.93593,0.02418,0.86667,0.49468,0.20858,0.86889
chb04,chb20,0.79705,0.07721,0.85778,0.14830,0.35362,0.69556
chb04,chb21,-0.25226,0.10753,0.24222,0.10015,0.28816,0.56889
chb04,chb22,0.85605,0.04125,0.86000,0.05113,0.27200,0.53556
chb04,chb23,0.84951,0.03209,0.85333,-0.03740,0.22179,0.44667
chb05,chb01,0.94368,0.01542,1.00000,0.20379,0.23290,0.62353
chb05,chb02,0.95849,0.01225,1.00000,0.22793,0.22949,0.72794
chb05,chb03,0.94150,0.01168,1.00000,-0.48528,0.30167,0.12941
chb05,chb04,0.93047,0.02399,1.00000,0.38738,0.27790,0.85000
chb05,chb06,-0.10702,0.06030,0.10294,-0.51948,0.27462,0.08971
chb05,chb07,0.92309,0.02457,1.00000,0.24588,0.29486,0.68529
chb05,chb08,0.93905,0.01574,1.00000,0.19883,0.22595,0.65735
chb05,chb09,0.97349,0.00770,1.00000,0.23287,0.25818,0.77794
chb05,chb10,0.77129,0.03623,1.00000,-0.03194,0.27197,0.43382
chb05,chb11,0.86164,0.01668,1.00000,-0.68268,0.21730,0.08382
chb05,chb13,0.22568,0.05136,0.90588,0.10028,0.23917,0.58971
chb05,chb14,-0.83551,0.04090,0.00000,-0.25904,0.32811,0.31471
chb05,chb15,-0.82172,0.04438,0.00000,-0.26992,0.34172,0.17941
chb05,chb16,0.94856,0.02227,1.00000,0.62792,0.25190,0.93676
chb05,chb17,0.86724,0.02481,1.00000,-0.19075,0.26836,0.31176
chb05,chb18,0.82318,0.04096,1.00000,0.45787,0.29761,0.84853
chb05,chb19,0.95394,0.01888,1.00000,0.33569,0.29151,0.76176
chb05,chb20,0.83511,0.03458,1.00000,0.19492,0.28355,0.73088
chb05,chb21,-0.32213,0.05006,0.00441,-0.07114,0.24018,0.40882
chb05,chb22,0.85735,0.02433,1.00000,-0.50436,0.28721,0.18088
chb05,chb23,0.86241,0.01748,1.00000,-0.55291,0.21627,0.14265
chb06,chb01,-0.04447,0.08718,0.38571,-0.17037,0.28917,0.21429
chb06,chb02,-0.06632,0.05256,0.39286,-0.30166,0.21620,0.10000
chb06,chb03,0.12258,0.05353,0.47143,0.65462,0.30352,0.99286
chb06,chb04,-0.14458,0.11023,0.35714,-0.38467,0.28038,0.04286
chb06,chb05,-0.10702,0.06030,0.37143,-0.51948,0.27462,0.03571
chb06,chb07,-0.09773,0.10977,0.37143,-0.27516,0.28925,0.17143
chb06,chb08,0.02002,0.09356,0.43571,0.04148,0.29495,0.54286
chb06,chb09,-0.01659,0.04229,0.42143,-0.17489,0.31129,0.20714
chb06,chb10,0.09526,0.16307,0.45714,0.14755,0.26879,0.70000
chb06,chb11,0.21290,0.07158,0.51429,0.58967,0.20477,0.97857
chb06,chb13,-0.26373,0.27401,0.20000,-0.27126,0.28022,0.14286
chb06,chb14,0.19776,0.18828,0.66429,0.35893,0.33173,0.90714
chb06,chb15,-0.04826,0.16375,0.55714,-0.07174,0.27687,0.33571
chb06,chb16,-0.20053,0.10522,0.35000,-0.51461,0.26139,0.03571
chb06,chb17,0.14424,0.13649,0.47857,0.32698,0.32414,0.99286
chb06,chb18,-0.18154,0.19640,0.36429,-0.29862,0.31335,0.07143
chb06,chb19,-0.08077,0.08297,0.38571,-0.29733,0.28135,0.17857
chb06,chb20,0.03202,0.17144,0.44286,0.04682,0.30873,0.75000
chb06,chb21,-0.14541,0.25773,0.31429,-0.15081,0.27157,0.25714
chb06,chb22,0.03639,0.11911,0.42857,0.07703,0.30876,0.54286
chb06,chb23,0.08698,0.11353,0.44286,0.21805,0.30846,0.79286
chb07,chb01,0.95342,0.02505,0.99487,0.62305,0.21894,0.96667
chb07,chb02,0.91098,0.01937,0.99487,0.14695,0.20994,0.71795
chb07,chb03,0.88201,0.01522,0.98974,-0.42832,0.22731,0.07179
chb07,chb04,0.92270,0.03056,0.99487,0.48266,0.20483,0.88718
chb07,chb05,0.92309,0.02457,0.99487,0.24588,0.29486,0.78205
chb07,chb06,-0.09773,0.10977,0.19231,-0.27516,0.28925,0.16410
chb07,chb08,0.79737,0.02559,0.98462,-0.66477,0.21256,0.01538
chb07,chb09,0.91273,0.01213,0.99231,-0.07513,0.23527,0.42564
chb07,chb10,0.85578,0.04607,0.99487,0.52250,0.20009,0.94359
chb07,chb11,0.87653,0.03231,0.98974,0.07319,0.24357,0.55897
chb07,chb13,0.30798,0.11896,0.99231,0.30819,0.32055,0.92308
chb07,chb14,-0.91147,0.04133,0.00000,-0.69518,0.19186,0.04872
chb07,chb15,-0.72801,0.04333,0.01282,0.08021,0.19302,0.70769
chb07,chb16,0.94069,0.05047,0.99744,0.61387,0.33034,0.95897
chb07,chb17,0.89990,0.03258,0.99231,0.38006,0.20385,0.91538
chb07,chb18,0.89761,0.03043,1.00000,0.74291,0.12790,0.95128
chb07,chb19,0.97543,0.01998,0.99487,0.81653,0.17852,0.95385
chb07,chb20,0.87891,0.07163,0.99744,0.51950,0.33990,0.96154
chb07,chb21,-0.37420,0.06531,0.00000,-0.22980,0.18133,0.13333
chb07,chb22,0.92609,0.03790,0.99487,0.49536,0.25883,0.98205
chb07,chb23,0.92183,0.02331,0.99487,0.44095,0.16687,0.95128
chb08,chb01,0.86349,0.01951,0.98407,-0.42590,0.20394,0.16549
chb08,chb02,0.92247,0.01740,0.99204,0.03339,0.22559,0.57611
chb08,chb03,0.94966,0.01398,0.99292,0.28913,0.24991,0.87434
chb08,chb04,0.84404,0.03035,0.98584,-0.22402,0.24336,0.20885
chb08,chb05,0.93905,0.01574,0.99115,0.19883,0.22595,0.79823
chb08,chb06,0.02002,0.09356,0.62389,0.04148,0.29495,0.58673
chb08,chb07,0.79737,0.02559,0.98053,-0.66477,0.21256,0.03186
chb08,chb09,0.95473,0.01151,0.99204,0.35198,0.26716,0.96814
chb08,chb10,0.65130,0.04186,0.96991,-0.53303,0.21750,0.07788
chb08,chb11,0.85555,0.02617,0.98938,-0.29736,0.23602,0.14248
chb08,chb13,0.10546,0.08876,0.85664,-0.29978,0.28613,0.06018
chb08,chb14,-0.68769,0.05410,0.03186,0.51709,0.30049,0.96106
chb08,chb15,-0.81444,0.05156,0.00442,-0.26509,0.27481,0.10354
chb08,chb16,0.84461,0.03981,0.98496,-0.18405,0.31172,0.27965
chb08,chb17,0.80726,0.03556,0.98407,-0.39612,0.26623,0.06460
chb08,chb18,0.64803,0.03653,0.96460,-0.45720,0.18373,0.12655
chb08,chb19,0.85216,0.02260,0.98230,-0.57728,0.24161,0.03363
chb08,chb20,0.74462,0.06848,0.98053,-0.25017,0.38872,0.21416
chb08,chb21,-0.26658,0.07440,0.02301,0.10678,0.24711,0.67434
chb08,chb22,0.78408,0.02110,0.98319,-0.74249,0.17241,0.00000
chb08,chb23,0.80340,0.01716,0.98230,-0.67126,0.14699,0.00088
chb09,chb01,0.94690,0.00932,1.00000,0.05561,0.22761,0.47813
chb09,chb02,0.96550,0.00850,1.00000,0.13603,0.25743,0.45937
chb09,chb03,0.97635,0.00818,1.00000,0.04817,0.34147,0.58437
chb09,chb04,0.92069,0.01311,1.00000,0.18240,0.24551,0.49063
chb09,chb05,0.97349,0.00770,1.00000,0.23287,0.25818,0.88750
chb09,chb06,-0.01659,0.04229,0.35938,-0.17489,0.31129,0.28125
chb09,chb07,0.91273,0.01213,1.00000,-0.07513,0.23527,0.34688
chb09,chb08,0.95473,0.01151,1.00000,0.35198,0.26716,0.74375
chb09,chb10,0.77634,0.02096,1.00000,-0.13637,0.25426,0.28750
chb09,chb11,0.91561,0.01023,1.00000,-0.26569,0.21536,0.07500
chb09,chb13,0.20933,0.03710,1.00000,0.01513,0.27928,0.47500
chb09,chb14,-0.78532,0.01756,0.00000,0.39381,0.22770,0.78437
chb09,chb15,-0.80036,0.02241,0.00000,-0.01849,0.27891,0.40938
chb09,chb16,0.91173,0.01324,1.00000,0.08825,0.24210,0.52187
chb09,chb17,0.87516,0.01452,1.00000,-0.40987,0.25377,0.02187
chb09,chb18,0.78142,0.01730,1.00000,0.11121,0.20319,0.44062
chb09,chb19,0.94452,0.01025,1.00000,-0.05341,0.25594,0.40313
chb09,chb20,0.81467,0.03365,1.00000,-0.12281,0.44600,0.27187
chb09,chb21,-0.26039,0.04013,0.00000,0.40081,0.31119,0.92812
chb09,chb22,0.89885,0.01937,1.00000,-0.28989,0.36962,0.23125
chb09,chb23,0.90029,0.01301,1.00000,-0.41777,0.26008,0.20312
chb10,chb01,0.82926,0.04497,1.00000,0.38981,0.24584,0.96415
chb10,chb02,0.71757,0.02772,0.97358,-0.36288,0.18795,0.04528
chb10,chb03,0.79798,0.02649,0.98302,0.14486,0.24759,0.70000
chb10,chb04,0.74455,0.05435,1.00000,0.05711,0.22785,0.57736
chb10,chb05,0.77129,0.03623,0.97925,-0.03194,0.27197,0.43962
chb10,chb06,0.09526,0.16307,0.70566,0.14755,0.26879,0.70000
chb10,chb07,0.85578,0.04607,1.00000,0.52250,0.20009,0.99057
chb10,chb08,0.65130,0.04186,0.91887,-0.53303,0.21750,0.01132
chb10,chb09,0.77634,0.02096,0.98868,-0.13637,0.25426,0.21887
chb10,chb11,0.83631,0.04754,1.00000,0.43152,0.22415,0.92075
chb10,chb13,0.04384,0.12443,0.66226,-0.20650,0.20974,0.13396
chb10,chb14,-0.75434,0.10499,0.00000,-0.28995,0.30489,0.08302
chb10,chb15,-0.60441,0.10994,0.08868,0.10199,0.30639,0.70566
chb10,chb16,0.76379,0.05977,0.99245,0.14783,0.24475,0.69434
chb10,chb17,0.80270,0.06629,1.00000,0.31967,0.25950,0.88113
chb10,chb18,0.74601,0.09460,1.00000,0.33295,0.24877,0.88491
chb10,chb19,0.81827,0.04274,1.00000,0.32798,0.23889,0.90755
chb10,chb20,0.76824,0.07928,1.00000,0.31799,0.23532,0.95472
chb10,chb21,-0.32567,0.10529,0.01132,-0.13071,0.18286,0.17736
chb10,chb22,0.79569,0.06154,1.00000,0.26610,0.26297,0.86604
chb10,chb23,0.83200,0.05483,1.00000,0.41586,0.24555,0.93585
chb11,chb01,0.89734,0.02334,0.99600,0.03822,0.22141,0.45400
chb11,chb02,0.88510,0.01888,0.99600,-0.27886,0.22220,0.27600
chb11,chb03,0.94834,0.01432,0.99800,0.42349,0.23221,0.75400
chb11,chb04,0.82186,0.03128,0.99800,-0.28817,0.22763,0.29300
chb11,chb05,0.86164,0.01668,0.99400,-0.68268,0.21730,0.02600
chb11,chb06,0.21290,0.07158,0.88200,0.58967,0.20477,0.87500
chb11,chb07,0.87653,0.03231,0.99600,0.07319,0.24357,0.46900
chb11,chb08,0.85555,0.02617,0.99300,-0.29736,0.23602,0.30600
chb11,chb09,0.91561,0.01023,0.99600,-0.26569,0.21536,0.23100
chb11,chb10,0.83631,0.04754,0.99900,0.43152,0.22415,0.94700
chb11,chb13,0.16938,0.08045,0.92300,-0.07804,0.23537,0.37700
chb11,chb14,-0.73178,0.06389,0.00400,0.19957,0.32202,0.70900
chb11,chb15,-0.68194,0.05076,0.01000,0.35568,0.24554,0.89800
chb11,chb16,0.80117,0.03360,0.99500,-0.40135,0.23878,0.17700
chb11,chb17,0.88555,0.03456,0.99500,0.24288,0.23483,0.77200
chb11,chb18,0.70374,0.06261,0.99800,-0.11992,0.28576,0.35400
chb11,chb19,0.89346,0.02050,0.99600,-0.01725,0.19884,0.40800
chb11,chb20,0.79249,0.04478,0.99300,0.06858,0.23068,0.62000
chb11,chb21,-0.25849,0.08699,0.12300,0.11043,0.26219,0.53000
chb11,chb22,0.92838,0.02841,0.99900,0.47448,0.21071,0.85700
chb11,chb23,0.95166,0.02971,0.99800,0.62583,0.23091,0.94300
chb13,chb01,0.21194,0.09652,0.54839,0.04211,0.32737,0.52903
chb13,chb02,0.34987,0.07905,0.63226,0.61789,0.33251,0.91613
chb13,chb03,0.14341,0.05731,0.53548,-0.36277,0.33229,0.13548
chb13,chb04,0.28121,0.11585,0.60806,0.23100,0.30133,0.80000
chb13,chb05,0.22568,0.05136,0.56935,0.10028,0.23917,0.68871
chb13,chb06,-0.26373,0.27401,0.20968,-0.27126,0.28022,0.20806
chb13,chb07,0.30798,0.11896,0.61129,0.30819,0.32055,0.86935
chb13,chb08,0.10546,0.08876,0.52419,-0.29978,0.28613,0.13710
chb13,chb09,0.20933,0.03710,0.55968,0.01513,0.27928,0.54355
chb13,chb10,0.04384,0.12443,0.44677,-0.20650,0.20974,0.20645
chb13,chb11,0.16938,0.08045,0.53387,-0.07804,0.23537,0.25645
chb13,chb14,-0.29413,0.13696,0.37742,-0.21953,0.24677,0.21613
chb13,chb15,-0.11366,0.16368,0.46613,0.09522,0.28301,0.61935
chb13,chb16,0.23448,0.16064,0.57742,0.10906,0.40808,0.70806
chb13,chb17,0.20595,0.09718,0.55323,0.03921,0.23601,0.53065
chb13,chb18,0.26287,0.21681,0.59355,0.16287,0.35374,0.73548
chb13,chb19,0.35490,0.07582,0.63871,0.53728,0.26292,0.92419
chb13,chb20,0.22869,0.14221,0.57903,0.10067,0.26189,0.69516
chb13,chb21,0.13510,0.24715,0.65645,0.21659,0.26630,0.86290
chb13,chb22,0.34051,0.08212,0.63710,0.39088,0.21769,0.93710
chb13,chb23,0.24867,0.08119,0.57742,0.15033,0.22558,0.71613
chb14,chb01,-0.88108,0.04531,0.02353,-0.56142,0.26478,0.07059
chb14,chb02,-0.82393,0.03119,0.02941,-0.18348,0.22606,0.32353
chb14,chb03,-0.75438,0.02451,0.05294,0.55974,0.24481,0.84118
chb14,chb04,-0.87236,0.05278,0.01176,-0.51687,0.23652,0.04706
chb14,chb05,-0.83551,0.04090,0.02353,-0.25904,0.32811,0.12941
chb14,chb06,0.19776,0.18828,0.78235,0.35893,0.33173,0.78824
chb14,chb07,-0.91147,0.04133,0.01176,-0.69518,0.19186,0.10000
chb14,chb08,-0.68769,0.05410,0.05882,0.51709,0.30049,0.90000
chb14,chb09,-0.78532,0.01756,0.05294,0.39381,0.22770,0.91176
chb14,chb10,-0.75434,0.10499,0.02941,-0.28995,0.30489,0.18235
chb14,chb11,-0.73178,0.06389,0.06471,0.19957,0.32202,0.77647
chb14,chb13,-0.29413,0.13696,0.08235,-0.21953,0.24677,0.27059
chb14,chb15,0.60956,0.06339,0.93529,-0.16182,0.18883,0.27059
chb14,chb16,-0.88283,0.06219,0.01765,-0.56532,0.27216,0.08235
chb14,chb17,-0.85538,0.06585,0.01765,-0.45444,0.27551,0.07647
chb14,chb18,-0.83325,0.06406,0.01176,-0.53895,0.18005,0.08824
chb14,chb19,-0.87809,0.03920,0.01765,-0.54597,0.23420,0.15882
chb14,chb20,-0.77701,0.15888,0.01765,-0.29285,0.50408,0.08235
chb14,chb21,0.48329,0.15131,0.98235,0.41573,0.28088,0.94118
chb14,chb22,-0.83733,0.07547,0.01765,-0.35505,0.34469,0.13529
chb14,chb23,-0.85469,0.05966,0.01765,-0.42685,0.28556,0.10000
chb15,chb01,-0.68839,0.04573,0.45949,0.45108,0.25643,0.62236
chb15,chb02,-0.76285,0.05278,0.44768,0.13426,0.36707,0.54937
chb15,chb03,-0.81464,0.02769,0.44430,-0.20067,0.26548,0.42025
chb15,chb04,-0.64262,0.05171,0.46245,0.42484,0.22239,0.60000
chb15,chb05,-0.82172,0.04438,0.43713,-0.26992,0.34172,0.43165
chb15,chb06,-0.04826,0.16375,0.43924,-0.07174,0.27687,0.43966
chb15,chb07,-0.72801,0.04333,0.45654,0.08021,0.19302,0.52405
chb15,chb08,-0.81444,0.05156,0.42869,-0.26509,0.27481,0.41097
chb15,chb09,-0.80036,0.02241,0.44430,-0.01849,0.27891,0.44219
chb15,chb10,-0.60441,0.10994,0.46414,0.10199,0.30639,0.54937
chb15,chb11,-0.68194,0.05076,0.46287,0.35568,0.24554,0.71941
chb15,chb13,-0.11366,0.16368,0.50675,0.09522,0.28301,0.53629
chb15,chb14,0.60956,0.06339,0.53291,-0.16182,0.18883,0.46118
chb15,chb16,-0.74657,0.07023,0.44135,-0.03548,0.29496,0.49789
chb15,chb17,-0.70893,0.06706,0.46371,0.09011,0.26927,0.57595
chb15,chb18,-0.52908,0.09625,0.48481,0.26761,0.25962,0.56667
chb15,chb19,-0.77910,0.03386,0.44473,-0.04940,0.19413,0.47342
chb15,chb20,-0.70551,0.08258,0.44937,-0.10631,0.25142,0.48312
chb15,chb21,0.46100,0.17511,0.55949,0.36876,0.31195,0.58692
chb15,chb22,-0.66055,0.05231,0.46582,0.36544,0.22925,0.68523
chb15,chb23,-0.66716,0.05596,0.46709,0.37936,0.25704,0.67215
chb16,chb01,0.93325,0.02696,0.97143,0.49812,0.22213,0.84286
chb16,chb02,0.90236,0.02451,0.94286,0.14743,0.25041,0.61429
chb16,chb03,0.85939,0.01651,0.94286,-0.58656,0.23246,0.08571
chb16,chb04,0.90393,0.04501,0.98571,0.39331,0.28438,0.85714
chb16,chb05,0.94856,0.02227,0.97143,0.62792,0.25190,1.00000
chb16,chb06,-0.20053,0.10522,0.01429,-0.51461,0.26139,0.01429
chb16,chb07,0.94069,0.05047,1.00000,0.61387,0.33034,0.84286
chb16,chb08,0.84461,0.03981,0.94286,-0.18405,0.31172,0.30000
chb16,chb09,0.91173,0.01324,0.94286,0.08825,0.24210,0.58571
chb16,chb10,0.76379,0.05977,0.95714,0.14783,0.24475,0.65714
chb16,chb11,0.80117,0.03360,0.94286,-0.40135,0.23878,0.00000
chb16,chb13,0.23448,0.16064,0.95714,0.10906,0.40808,0.64286
chb16,chb14,-0.88283,0.06219,0.00000,-0.56532,0.27216,0.12857
chb16,chb15,-0.74657,0.07023,0.04286,-0.03548,0.29496,0.38571
chb16,chb17,0.84430,0.04316,0.95714,0.08269,0.25461,0.55714
chb16,chb18,0.85328,0.06882,1.00000,0.55494,0.27275,0.84286
chb16,chb19,0.93205,0.03968,0.97143,0.48322,0.33422,0.85714
chb16,chb20,0.82033,0.08827,1.00000,0.26415,0.39484,0.71429
chb16,chb21,-0.39925,0.09548,0.00000,-0.29028,0.24991,0.22857
chb16,chb22,0.83154,0.05082,0.95714,-0.08368,0.32728,0.40000
chb16,chb23,0.85589,0.03632,0.95714,0.03209,0.24515,0.57143
chb17,chb01,0.92137,0.02759,0.93611,0.44544,0.21728,0.80000
chb17,chb02,0.85755,0.02907,0.90556,-0.21745,0.28393,0.18889
chb17,chb03,0.90095,0.02068,0.91389,0.10971,0.27848,0.60278
chb17,chb04,0.84879,0.04622,0.93611,0.08945,0.27920,0.59167
chb17,chb05,0.86724,0.02481,0.91667,-0.19075,0.26836,0.32222
chb17,chb06,0.14424,0.13649,0.83333,0.32698,0.32414,0.82500
chb17,chb07,0.89990,0.03258,0.92500,0.38006,0.20385,0.75278
chb17,chb08,0.80726,0.03556,0.90278,-0.39612,0.26623,0.21667
chb17,chb09,0.87516,0.01452,0.90833,-0.40987,0.25377,0.14167
chb17,chb10,0.80270,0.06629,0.92778,0.31967,0.25950,0.79722
chb17,chb11,0.88555,0.03456,0.92222,0.24288,0.23483,0.76944
chb17,chb13,0.20595,0.09718,0.90556,0.03921,0.23601,0.56111
chb17,chb14,-0.85538,0.06585,0.05833,-0.45444,0.27551,0.18333
chb17,chb15,-0.70893,0.06706,0.12222,0.09011,0.26927,0.56667
chb17,chb16,0.84430,0.04316,0.92222,0.08269,0.25461,0.49722
chb17,chb18,0.77763,0.06213,0.95000,0.26860,0.23538,0.65000
chb17,chb19,0.88994,0.02141,0.91111,0.18726,0.17243,0.64722
chb17,chb20,0.89171,0.07453,0.94444,0.58756,0.31874,0.85278
chb17,chb21,-0.47420,0.10306,0.07500,-0.47165,0.25789,0.15000
chb17,chb22,0.88046,0.03910,0.91667,0.26866,0.24070,0.75278
chb17,chb23,0.90687,0.03064,0.91944,0.40985,0.19770,0.80833
chb18,chb01,0.87872,0.04259,0.90556,0.71858,0.22539,0.94167
chb18,chb02,0.79687,0.03547,0.87222,0.26950,0.23274,0.85833
chb18,chb03,0.71141,0.02323,0.85556,-0.50248,0.21010,0.00833
chb18,chb04,0.89186,0.04039,0.90556,0.71189,0.16389,0.96111
chb18,chb05,0.82318,0.04096,0.87778,0.45787,0.29761,0.96389
chb18,chb06,-0.18154,0.19640,0.05278,-0.29862,0.31335,0.03889
chb18,chb07,0.89761,0.03043,0.91389,0.74291,0.12790,0.91389
chb18,chb08,0.64803,0.03653,0.84722,-0.45720,0.18373,0.12222
chb18,chb09,0.78142,0.01730,0.86944,0.11121,0.20319,0.75278
chb18,chb10,0.74601,0.09460,0.91667,0.33295,0.24877,0.83889
chb18,chb11,0.70374,0.06261,0.86389,-0.11992,0.28576,0.21389
chb18,chb13,0.26287,0.21681,0.92222,0.16287,0.35374,0.74167
chb18,chb14,-0.83325,0.06406,0.07222,-0.53895,0.18005,0.09722
chb18,chb15,-0.52908,0.09625,0.15556,0.26761,0.25962,0.88611
chb18,chb16,0.85328,0.06882,0.90278,0.55494,0.27275,0.94167
chb18,chb17,0.77763,0.06213,0.88889,0.26860,0.23538,0.82778
chb18,chb19,0.86036,0.03189,0.89444,0.62665,0.17253,0.90556
chb18,chb20,0.80551,0.10873,0.90833,0.45255,0.31237,0.90833
chb18,chb21,-0.24248,0.13950,0.10833,0.00498,0.23449,0.55278
chb18,chb22,0.75031,0.07074,0.86944,0.13003,0.29254,0.71667
chb18,chb23,0.76544,0.05002,0.88611,0.17757,0.21682,0.70278
chb19,chb01,0.94659,0.02239,0.96071,0.39961,0.25176,0.89643
chb19,chb02,0.95400,0.01673,0.96429,0.37859,0.23328,0.85714
chb19,chb03,0.91890,0.01430,0.94643,-0.41599,0.27486,0.03929
chb19,chb04,0.93593,0.02418,0.97143,0.49468,0.20858,0.98214
chb19,chb05,0.95394,0.01888,0.96071,0.33569,0.29151,0.91786
chb19,chb06,-0.08077,0.08297,0.09643,-0.29733,0.28135,0.08571
chb19,chb07,0.97543,0.01998,0.96071,0.81653,0.17852,0.97500
chb19,chb08,0.85216,0.02260,0.95000,-0.57728,0.24161,0.06429
chb19,chb09,0.94452,0.01025,0.95357,-0.05341,0.25594,0.41786
chb19,chb10,0.81827,0.04274,0.95714,0.32798,0.23889,0.84643
chb19,chb11,0.89346,0.02050,0.94643,-0.01725,0.19884,0.47143
chb19,chb13,0.35490,0.07582,1.00000,0.53728,0.26292,1.00000
chb19,chb14,-0.87809,0.03920,0.04286,-0.54597,0.23420,0.09643
chb19,chb15,-0.77910,0.03386,0.04286,-0.04940,0.19413,0.43571
chb19,chb16,0.93205,0.03968,0.96429,0.48322,0.33422,0.94643
chb19,chb17,0.88994,0.02141,0.95357,0.18726,0.17243,0.65714
chb19,chb18,0.86036,0.03189,0.97500,0.62665,0.17253,0.98571
chb19,chb20,0.87415,0.04365,0.95714,0.48542,0.26651,0.89643
chb19,chb21,-0.30907,0.06568,0.10714,-0.02888,0.23467,0.46071
chb19,chb22,0.92608,0.02505,0.95357,0.39127,0.22022,0.85714
chb19,chb23,0.91651,0.01504,0.95000,0.25857,0.13859,0.75357
chb20,chb01,0.86927,0.04934,0.82500,0.45589,0.29471,0.81563
chb20,chb02,0.79332,0.04693,0.80000,-0.09907,0.34763,0.43438
chb20,chb03,0.80921,0.02848,0.84688,-0.09594,0.29080,0.41250
chb20,chb04,0.79705,0.07721,0.80937,0.14830,0.35362,0.62500
chb20,chb05,0.83511,0.03458,0.80937,0.19492,0.28355,0.70312
chb20,chb06,0.03202,0.17144,0.46875,0.04682,0.30873,0.45312
chb20,chb07,0.87891,0.07163,0.85000,0.51950,0.33990,0.83750
chb20,chb08,0.74462,0.06848,0.81563,-0.25017,0.38872,0.24063
chb20,chb09,0.81467,0.03365,0.81562,-0.12281,0.44600,0.34687
chb20,chb10,0.76824,0.07928,0.87188,0.31799,0.23532,0.79063
chb20,chb11,0.79249,0.04478,0.86563,0.06858,0.23068,0.50000
chb20,chb13,0.22869,0.14221,0.75625,0.10067,0.26189,0.61875
chb20,chb14,-0.77701,0.15888,0.16563,-0.29285,0.50408,0.22187
chb20,chb15,-0.70551,0.08258,0.14375,-0.10631,0.25142,0.35000
chb20,chb16,0.82033,0.08827,0.81250,0.26415,0.39484,0.71250
chb20,chb17,0.89171,0.07453,0.89375,0.58756,0.31874,0.96562
chb20,chb18,0.80551,0.10873,0.83438,0.45255,0.31237,0.79063
chb20,chb19,0.87415,0.04365,0.84062,0.48542,0.26651,0.81250
chb20,chb21,-0.38118,0.17667,0.03438,-0.22619,0.33522,0.21562
chb20,chb22,0.78088,0.06391,0.85000,0.06355,0.29833,0.58125
chb20,chb23,0.79449,0.06774,0.85313,0.10386,0.33140,0.64687
chb21,chb01,-0.32048,0.08482,0.34167,-0.07039,0.29642,0.39583
chb21,chb02,-0.25674,0.08310,0.34583,0.21151,0.36013,0.76250
chb21,chb03,-0.31729,0.04552,0.30833,-0.04318,0.27194,0.52500
chb21,chb04,-0.25226,0.10753,0.36250,0.10015,0.28816,0.59167
chb21,chb05,-0.32213,0.05006,0.32500,-0.07114,0.24018,0.37500
chb21,chb06,-0.14541,0.25773,0.27083,-0.15081,0.27157,0.27917
chb21,chb07,-0.37420,0.06531,0.29167,-0.22980,0.18133,0.25417
chb21,chb08,-0.26658,0.07440,0.34167,0.10678,0.24711,0.62500
chb21,chb09,-0.26039,0.04013,0.35833,0.40081,0.31119,0.95833
chb21,chb10,-0.32567,0.10529,0.29583,-0.13071,0.18286,0.32917
chb21,chb11,-0.25849,0.08699,0.35000,0.11043,0.26219,0.64167
chb21,chb13,0.13510,0.24715,0.70000,0.21659,0.26630,0.85000
chb21,chb14,0.48329,0.15131,0.80000,0.41573,0.28088,0.89167
chb21,chb15,0.46100,0.17511,0.80000,0.36876,0.31195,1.00000
chb21,chb16,-0.39925,0.09548,0.26667,-0.29028,0.24991,0.15417
chb21,chb17,-0.47420,0.10306,0.24167,-0.47165,0.25789,0.05000
chb21,chb18,-0.24248,0.13950,0.34167,0.00498,0.23449,0.46667
chb21,chb19,-0.30907,0.06568,0.33333,-0.02888,0.23467,0.44583
chb21,chb20,-0.38118,0.17667,0.27083,-0.22619,0.33522,0.13750
chb21,chb22,-0.32263,0.07300,0.33750,-0.08744,0.19937,0.37083
chb21,chb23,-0.36253,0.07868,0.32917,-0.19936,0.22524,0.25833
chb22,chb01,0.90224,0.02659,0.98400,0.19409,0.22860,0.67200
chb22,chb02,0.89768,0.02514,0.98800,0.02950,0.26809,0.53600
chb22,chb03,0.90157,0.02447,0.97600,-0.09643,0.35969,0.35200
chb22,chb04,0.85605,0.04125,0.99200,0.05113,0.27200,0.62800
chb22,chb05,0.85735,0.02433,0.97600,-0.50436,0.28721,0.00400
chb22,chb06,0.03639,0.11911,0.68400,0.07703,0.30876,0.66400
chb22,chb07,0.92609,0.03790,0.99600,0.49536,0.25883,0.80800
chb22,chb08,0.78408,0.02110,0.97600,-0.74249,0.17241,0.07200
chb22,chb09,0.89885,0.01937,0.98400,-0.28989,0.36962,0.12000
chb22,chb10,0.79569,0.06154,0.98400,0.26610,0.26297,0.77600
chb22,chb11,0.92838,0.02841,0.98800,0.47448,0.21071,1.00000
chb22,chb13,0.34051,0.08212,1.00000,0.39088,0.21769,0.95200
chb22,chb14,-0.83733,0.07547,0.00400,-0.35505,0.34469,0.23200
chb22,chb15,-0.66055,0.05231,0.02400,0.36544,0.22925,0.98400
chb22,chb16,0.83154,0.05082,0.98400,-0.08368,0.32728,0.40000
chb22,chb17,0.88046,0.03910,0.98000,0.26866,0.24070,0.72400
chb22,chb18,0.75031,0.07074,0.99600,0.13003,0.29254,0.63600
chb22,chb19,0.92608,0.02505,0.99200,0.39127,0.22022,0.83200
chb22,chb20,0.78088,0.06391,0.98000,0.06355,0.29833,0.59200
chb22,chb21,-0.32263,0.07300,0.02400,-0.08744,0.19937,0.39200
chb22,chb23,0.96268,0.02532,0.99600,0.73848,0.17835,0.96800
chb23,chb01,0.92611,0.01884,0.99796,0.35664,0.16981,0.86735
chb23,chb02,0.90002,0.01883,0.99184,-0.02105,0.21048,0.42857
chb23,chb03,0.91259,0.02299,0.99388,-0.04048,0.35415,0.40816
chb23,chb04,0.84951,0.03209,0.99796,-0.03740,0.22179,0.40408
chb23,chb05,0.86241,0.01748,0.98980,-0.55291,0.21627,0.00000
chb23,chb06,0.08698,0.11353,0.85918,0.21805,0.30846,0.84082
chb23,chb07,0.92183,0.02331,0.99796,0.44095,0.16687,0.81020
chb23,chb08,0.80340,0.01716,0.97755,-0.67126,0.14699,0.05102
chb23,chb09,0.90029,0.01301,0.99184,-0.41777,0.26008,0.01020
chb23,chb10,0.83200,0.05483,1.00000,0.41586,0.24555,0.95918
chb23,chb11,0.95166,0.02971,0.99796,0.62583,0.23091,1.00000
chb23,chb13,0.24867,0.08119,1.00000,0.15033,0.22558,0.65306
chb23,chb14,-0.85469,0.05966,0.00000,-0.42685,0.28556,0.13878
chb23,chb15,-0.66716,0.05596,0.02041,0.37936,0.25704,1.00000
chb23,chb16,0.85589,0.03632,0.99796,0.03209,0.24515,0.52653
chb23,chb17,0.90687,0.03064,0.99796,0.40985,0.19770,0.86327
chb23,chb18,0.76544,0.05002,1.00000,0.17757,0.21682,0.70816
chb23,chb19,0.91651,0.01504,0.99796,0.25857,0.13859,0.68980
chb23,chb20,0.79449,0.06774,0.99796,0.10386,0.33140,0.61837
chb23,chb21,-0.36253,0.07868,0.00000,-0.19936,0.22524,0.23061
chb23,chb22,0.96268,0.02532,1.00000,0.73848,0.17835,0.97551
